"","Team","T.YD","Pass.YD","Rush.YD","T.FD","Rush.FD","Pass.FD","Pen.FD","Pass.ATT","Pass.COMP","Pass.PCT","Pass.YPA","Pass.Lng","Pass.TD","Pass.INT","PASS.SACK","Rush.ATT","Rush.YPA","Rush.Lng","Rush.TD","Rush.FUM","Rec","Rec.YD","Rec.AVG","Rec.Lng","Rec.TD","Rec.FUM","pct","Season"
"2","Oakland",6237,4475,1762,"366","113","226","27",619,418,67.5,7.6,75,26,10,36,414,4.3,36,21,4,418,4689,11.2,75,26,4,".688",2002
"3","Minnesota",6192,3685,2507,"350","139","191","20",558,337,60.4,7.1,61,19,23,49,473,5.3,85,26,13,337,3951,11.7,61,19,5,".375",2002
"4","Denver",6090,3824,2266,"357","125","199","33",554,359,64.8,7.5,82,21,20,46,457,5,59,21,11,359,4139,11.5,82,21,1,".563",2002
"5","Kansas City",6000,3622,2378,"343","140","179","24",477,292,61.2,7.9,99,27,13,26,462,5.1,56,26,3,292,3763,12.9,99,27,0,".500",2002
"6","Pittsburgh",5952,3832,2120,"343","119","200","24",551,350,63.5,7.3,72,26,22,34,512,4.1,42,15,8,350,4036,11.5,72,26,6,".656",2002
"7","NY Giants",5826,3951,1875,"323","95","195","33",549,338,61.6,7.5,82,19,14,24,486,3.9,70,14,14,338,4103,12.1,82,19,9,".625",2002
"8","Seattle",5818,4078,1740,"347","104","208","35",587,361,61.5,7.3,83,19,16,33,430,4,58,17,6,361,4257,11.8,83,19,9,".438",2002
"9","San Francisco",5701,3457,2244,"342","141","182","19",571,354,62,6.3,76,23,10,22,489,4.6,40,16,6,354,3576,10.1,76,23,3,".625",2002
"10","Indianapolis",5616,4055,1561,"324","93","213","18",591,392,66.3,7.1,69,27,19,23,434,3.6,49,12,5,392,4200,10.7,69,27,10,".625",2002
"11","Philadelphia",5604,3384,2220,"311","124","164","23",548,318,58,6.6,59,27,11,36,489,4.5,57,15,11,318,3606,11.3,59,27,7,".750",2002
"12","Buffalo",5591,3995,1596,"355","90","218","47",612,377,61.6,7.1,73,24,15,54,388,4.1,34,17,14,377,4364,11.6,73,24,4,".500",2002
"13","Green Bay",5560,3627,1933,"318","94","197","27",580,361,62.2,6.6,85,29,16,27,451,4.3,43,12,9,361,3823,10.6,85,29,5,".750",2002
"14","Los Angeles",5559,4154,1405,"315","76","219","20",635,408,64.3,7.1,58,24,27,46,343,4.1,44,11,7,408,4480,11,58,24,6,".438",2002
"15","Atlanta",5535,3167,2368,"316","123","163","30",479,268,56,7.1,74,18,12,36,523,4.5,59,23,10,268,3384,12.6,74,18,5,".594",2002
"16","Miami",5392,2890,2502,"318","139","155","24",455,271,59.6,6.7,77,18,15,25,530,4.7,63,24,13,271,3069,11.3,77,18,6,".563",2002
"17","San Diego",5325,3188,2137,"313","117","166","30",538,324,60.2,6.3,52,17,16,24,466,4.6,76,19,3,324,3368,10.4,52,17,6,".500",2002
"18","Tennessee",5272,3320,1952,"312","112","182","18",500,306,61.2,6.9,55,22,15,21,511,3.8,39,16,4,306,3441,11.2,55,22,5,".688",2002
"19","Cincinnati",5206,3476,1730,"315","105","186","24",591,350,59.2,6.3,72,17,22,37,426,4.1,67,13,7,350,3732,10.7,72,17,1,".125",2002
"20","New Orleans",5205,3441,1764,"291","91","169","31",538,291,54.1,6.8,64,27,15,37,426,4.1,62,16,8,291,3685,12.7,64,27,5,".563",2002
"21","Washington",5143,3254,1889,"303","107","165","31",559,300,53.7,6.3,62,24,20,38,442,4.3,33,10,9,300,3523,11.7,62,24,7,".438",2002
"22","New England",5085,3577,1508,"304","99","184","21",605,374,61.8,6.2,49,28,14,31,395,3.8,45,9,8,374,3767,10.1,49,28,5,".563",2002
"23","NY Jets",5036,3418,1618,"300","86","190","24",485,329,67.8,7.5,47,25,10,32,400,4,61,12,5,329,3619,11,47,25,4,".563",2002
"24","Cleveland",5027,3412,1615,"279","77","171","31",552,338,61.2,6.6,78,27,22,35,406,4,64,10,5,338,3665,10.8,78,27,3,".563",2002
"25","Tampa Bay",5002,3445,1557,"287","90","172","25",567,348,61.4,6.5,76,23,10,41,414,3.8,59,6,6,348,3665,10.5,76,23,5,".750",2002
"26","Jacksonville",4851,2762,2089,"275","105","156","14",462,268,58,6.5,79,18,9,42,455,4.6,63,19,5,268,3019,11.3,79,18,1,".375",2002
"27","Baltimore",4639,2847,1792,"261","90","145","26",479,262,54.7,6.5,77,20,14,41,427,4.2,75,9,13,262,3118,11.9,77,20,2,".438",2002
"28","Arizona",4563,2740,1823,"274","94","148","32",548,291,53.1,5.5,80,18,22,41,414,4.4,58,10,14,291,3038,10.4,80,18,1,".313",2002
"29","Detroit",4471,2994,1477,"242","69","150","23",577,277,48,5.5,64,19,25,20,358,4.1,56,9,5,277,3168,11.4,64,19,1,".188",2002
"30","Chicago",4395,3051,1344,"260","79","156","25",543,310,57.1,6.1,76,22,18,44,382,3.5,34,8,12,310,3316,10.7,76,22,2,".250",2002
"31","Dallas",4375,2621,1754,"237","87","129","21",471,252,53.5,6.4,80,14,16,54,423,4.1,46,7,6,252,3020,12,80,14,5,".313",2002
"32","Carolina",4280,2694,1586,"238","82","133","23",464,255,55,6.4,69,15,22,44,452,3.5,59,11,9,255,2981,11.7,69,15,3,".438",2002
"33","Houston",3572,2225,1347,"208","59","119","30",447,235,52.6,5.9,81,11,15,76,424,3.2,37,6,17,235,2636,11.2,81,11,1,".250",2002
"34","Minnesota",6294,3951,2343,"336","124","194","18",520,333,64,8,72,32,13,42,493,4.8,61,15,15,333,4169,12.5,72,32,3,".563",2003
"35","Kansas City",5910,3981,1929,"348","120","201","27",536,339,63.2,7.7,67,24,12,21,446,4.3,39,32,2,339,4113,12.1,67,24,2,".813",2003
"36","Indianapolis",5874,4179,1695,"348","104","212","32",569,381,67,7.5,79,29,10,19,453,3.7,43,16,11,381,4289,11.3,79,29,5,".750",2003
"37","Green Bay",5798,3240,2558,"315","127","166","22",473,310,65.5,7.1,66,32,21,19,507,5,98,18,12,310,3377,10.9,66,32,1,".625",2003
"38","San Francisco",5687,3408,2279,"313","118","172","23",511,299,58.5,7,75,25,15,28,499,4.6,78,16,12,299,3566,11.9,75,25,3,".438",2003
"39","Seattle",5627,3618,2009,"338","121","190","27",521,317,60.8,7.4,80,27,16,43,453,4.4,55,17,9,317,3872,12.2,80,27,3,".625",2003
"40","Denver",5598,2969,2629,"334","133","162","39",479,280,58.5,6.5,72,19,18,25,543,4.8,65,20,10,280,3126,11.2,72,19,0,".625",2003
"41","Tennessee",5501,3878,1623,"310","84","211","15",502,315,62.7,8,73,30,9,25,486,3.3,28,11,8,315,4031,12.8,73,30,3,".750",2003
"42","Los Angeles",5457,3961,1496,"335","97","211","27",600,377,62.8,7.1,48,23,23,43,411,3.6,52,19,5,377,4287,11.4,48,23,4,".750",2003
"43","Tampa Bay",5453,3805,1648,"307","86","190","31",592,369,62.3,6.7,76,27,22,23,421,3.9,61,5,6,369,3941,10.7,76,27,7,".438",2003
"44","New Orleans",5438,3438,2000,"302","100","177","25",535,314,58.7,6.8,76,25,8,36,448,4.5,76,11,12,314,3641,11.6,76,25,5,".500",2003
"45","Jacksonville",5358,3285,2073,"305","118","163","24",515,303,58.8,6.6,84,17,17,28,481,4.3,62,13,8,303,3421,11.3,84,17,4,".313",2003
"46","Cincinnati",5329,3342,1987,"313","101","181","31",520,324,62.3,6.9,82,26,15,37,481,4.1,54,12,2,324,3591,11.1,82,26,2,".500",2003
"47","San Diego",5167,3021,2146,"290","117","146","27",525,297,56.6,6.1,73,21,19,29,417,5.1,73,16,9,297,3226,10.9,73,21,3,".250",2003
"48","Dallas",5161,3162,1999,"286","115","149","22",510,294,57.6,6.6,64,17,21,37,515,3.9,63,11,8,294,3347,11.4,64,17,3,".625",2003
"49","Carolina",5141,3050,2091,"284","114","146","24",460,270,58.7,7,67,19,16,26,522,4,40,9,11,270,3238,12,67,19,7,".688",2003
"50","New England",5039,3432,1607,"294","91","177","26",537,320,59.6,6.8,82,23,13,32,473,3.4,42,9,7,320,3651,11.4,82,23,3,".875",2003
"51","Philadelphia",5035,3020,2015,"302","105","156","41",484,279,57.6,6.8,59,17,11,43,417,4.8,64,23,8,279,3273,11.7,59,17,3,".750",2003
"52","NY Jets",4951,3316,1635,"274","78","181","15",496,312,62.9,7.1,65,20,14,31,409,4,56,8,6,312,3524,11.3,65,20,3,".375",2003
"53","NY Giants",4942,3383,1559,"300","90","184","26",616,344,55.8,5.9,77,16,20,44,387,4,27,6,9,344,3642,10.6,77,16,6,".250",2003
"54","Baltimore",4929,2255,2674,"259","115","121","23",415,217,52.3,6.1,73,16,19,42,552,4.8,82,18,21,217,2517,11.6,73,16,1,".625",2003
"55","Pittsburgh",4792,3304,1488,"275","77","174","24",532,306,57.5,6.7,81,19,17,42,446,3.3,32,10,8,306,3548,11.6,81,19,3,".375",2003
"56","Washington",4659,3006,1653,"272","95","156","21",527,283,53.7,6.2,64,21,16,43,421,3.9,38,8,7,283,3273,11.6,64,21,4,".313",2003
"57","Miami",4609,2792,1817,"266","99","145","22",450,257,57.1,6.7,80,17,19,31,487,3.7,68,14,6,257,3001,11.7,80,17,6,".625",2003
"58","Oakland",4573,2751,1822,"258","98","140","20",521,278,53.4,5.7,47,9,14,43,423,4.3,53,15,8,278,2988,10.7,47,9,3,".250",2003
"59","Cleveland",4504,2834,1670,"276","91","153","32",509,313,61.5,6.1,71,17,18,40,412,4.1,78,8,13,313,3116,10,71,17,1,".313",2003
"60","Arizona",4490,2959,1531,"256","80","147","29",534,303,56.7,6.1,71,18,22,44,403,3.8,36,5,12,303,3265,10.8,71,18,4,".250",2003
"61","Chicago",4380,2617,1763,"264","104","143","17",515,271,52.6,5.6,61,12,20,43,443,4,67,13,10,271,2905,10.7,61,12,4,".438",2003
"62","Atlanta",4357,2408,1949,"252","99","127","26",460,230,50,5.7,86,14,21,35,435,4.5,69,17,5,230,2631,11.4,86,14,2,".313",2003
"63","Buffalo",4348,2684,1664,"268","96","150","22",502,293,58.4,6.1,54,11,17,51,427,3.9,64,13,14,293,3069,10.5,54,11,4,".375",2003
"64","Houston",4306,2655,1651,"237","86","127","24",439,248,56.5,6.5,78,14,18,36,421,3.9,51,14,8,248,2841,11.5,78,14,4,".313",2003
"65","Detroit",4262,2924,1338,"250","69","152","29",588,319,54.3,5.1,72,17,24,11,376,3.6,39,5,7,319,2988,9.4,72,17,2,".313",2003
"66","Kansas City",6695,4406,2289,"398","138","228","32",561,370,66,8.3,70,27,17,32,496,4.6,46,31,7,370,4633,12.5,70,27,2,".438",2004
"67","Indianapolis",6475,4623,1852,"379","94","238","47",527,353,67,9,80,51,10,14,427,4.3,55,10,9,353,4732,13.4,80,51,4,".750",2004
"68","Green Bay",6357,4449,1908,"354","98","228","28",598,382,63.9,7.6,79,36,19,14,441,4.3,90,9,9,382,4550,11.9,79,36,5,".625",2004
"69","Minnesota",6339,4516,1823,"351","98","225","28",552,380,68.8,8.6,82,39,12,46,387,4.7,49,8,9,380,4754,12.5,82,39,3,".500",2004
"70","Denver",6332,3999,2333,"351","127","184","40",521,303,58.2,7.8,85,27,20,15,534,4.4,51,13,13,303,4089,13.5,85,27,4,".625",2004
"71","Los Angeles",5877,4253,1624,"321","96","203","22",580,372,64.1,8,75,23,22,50,381,4.3,48,11,2,372,4615,12.4,75,23,14,".500",2004
"72","New England",5722,3588,2134,"344","120","193","31",485,293,60.4,7.7,50,29,14,26,524,4.1,44,15,7,293,3750,12.8,50,29,4,".875",2004
"73","Seattle",5634,3539,2095,"320","110","189","21",532,304,57.1,7,60,23,18,34,468,4.5,44,17,11,304,3715,12.2,60,23,4,".563",2004
"74","Philadelphia",5618,3979,1639,"301","87","188","26",547,336,61.4,7.7,80,32,11,37,376,4.4,50,10,2,336,4208,12.5,80,32,4,".813",2004
"75","San Diego",5542,3357,2185,"328","131","160","37",450,288,64,7.8,79,29,8,21,525,4.2,52,24,11,288,3506,12.2,79,29,5,".750",2004
"76","Tennessee",5487,3616,1871,"308","85","200","23",589,356,60.4,6.7,48,27,19,44,420,4.5,52,12,10,356,3933,11,48,27,5,".313",2004
"77","NY Jets",5438,3050,2388,"313","135","163","15",438,282,64.4,7.4,69,19,11,31,527,4.5,33,15,6,282,3231,11.5,69,19,3,".625",2004
"78","Carolina",5225,3643,1582,"308","85","192","31",536,311,58,7.3,63,29,15,33,422,3.7,71,10,5,311,3889,12.5,63,29,3,".438",2004
"79","Dallas",5197,3428,1769,"296","101","171","24",519,308,59.3,7,53,19,23,36,449,3.9,53,14,10,308,3636,11.8,53,19,5,".375",2004
"80","New Orleans",5193,3587,1606,"291","82","177","32",542,309,57,7,57,21,16,41,406,4,71,15,12,309,3810,12.3,57,21,3,".500",2004
"81","Pittsburgh",5184,2720,2464,"310","134","147","29",358,228,63.7,8.3,58,20,13,36,618,4,58,16,6,228,2970,13,58,20,5,".938",2004
"82","Oakland",5153,3858,1295,"275","75","176","24",582,330,56.7,6.9,63,24,22,30,327,4,60,10,6,330,4019,12.2,63,24,5,".313",2004
"83","Cincinnati",5140,3301,1839,"286","93","172","21",536,324,60.4,6.6,76,23,22,31,437,4.2,52,14,8,324,3520,10.9,76,23,2,".500",2004
"84","Houston",5128,3246,1882,"300","103","174","23",471,286,60.7,7.5,69,16,14,49,481,3.9,44,16,9,286,3547,12.4,69,16,4,".438",2004
"85","Atlanta",5084,2412,2672,"284","133","120","31",395,217,54.9,6.8,62,15,16,50,524,5.1,60,20,8,217,2692,12.4,62,15,2,".688",2004
"86","Jacksonville",5009,3159,1850,"279","88","161","30",513,305,59.5,6.5,65,17,11,32,446,4.1,46,9,5,305,3315,10.9,65,17,7,".563",2004
"87","Tampa Bay",4963,3474,1489,"271","74","175","22",512,340,66.4,7.4,75,24,18,44,393,3.8,78,9,10,340,3773,11.1,75,24,6,".313",2004
"88","NY Giants",4722,2818,1904,"281","105","143","33",475,269,56.6,6.5,62,12,13,52,424,4.5,72,18,9,269,3097,11.5,62,12,5,".375",2004
"89","Detroit",4693,2916,1777,"263","92","142","29",505,285,56.4,6.2,62,19,13,37,407,4.4,74,7,3,285,3124,11,62,19,2,".375",2004
"90","Buffalo",4691,2817,1874,"271","102","149","20",461,262,56.8,6.6,69,21,17,38,483,3.9,48,15,10,262,3032,11.6,69,21,4,".563",2004
"91","San Francisco",4585,3136,1449,"280","83","172","25",561,325,57.9,6.2,65,16,21,52,413,3.5,60,10,11,325,3455,10.6,65,16,2,".125",2004
"92","Arizona",4550,2882,1668,"280","86","152","42",533,299,56.1,6,48,14,18,39,475,3.5,62,15,8,299,3202,10.7,48,14,4,".375",2004
"93","Cleveland",4481,2824,1657,"245","94","125","26",439,251,57.2,7,99,21,21,41,441,3.8,46,6,16,251,3076,12.3,99,21,2,".250",2004
"94","Miami",4404,3065,1339,"267","71","165","31",586,309,52.7,5.8,76,19,26,52,384,3.5,53,10,9,309,3391,11,76,19,5,".250",2004
"95","Washington",4397,2632,1765,"269","91","156","22",514,288,56,5.6,51,18,17,38,471,3.7,64,6,8,288,2874,10,51,18,1,".375",2004
"96","Baltimore",4375,2312,2063,"260","103","135","22",465,258,55.5,5.5,57,13,11,35,491,4.2,75,11,7,258,2559,9.9,57,13,4,".563",2004
"97","Chicago",3816,2192,1624,"230","84","121","25",471,249,52.9,5.6,63,9,16,66,430,3.8,54,10,10,249,2641,10.6,63,9,3,".313",2004
"98","Kansas City",6192,3810,2382,"347","138","182","27",507,317,62.5,7.9,60,17,10,32,520,4.6,49,26,9,317,4014,12.7,60,17,3,".625",2005
"99","Seattle",5915,3458,2457,"361","142","192","27",474,307,64.8,7.7,56,25,10,27,519,4.7,88,29,7,307,3632,11.8,56,25,3,".813",2005
"100","Indianapolis",5799,4096,1703,"363","116","217","30",515,347,67.4,8.1,80,31,11,20,465,3.7,33,18,4,347,4191,12.1,80,31,1,".875",2005
"101","NY Giants",5787,3578,2209,"312","106","172","34",558,294,52.7,6.7,78,24,17,28,469,4.7,95,17,4,294,3762,12.8,78,24,3,".688",2005
"102","Denver",5766,3227,2539,"330","145","162","23",465,279,60,7.3,72,18,7,23,542,4.7,68,25,6,279,3373,12.1,72,18,6,".813",2005
"103","Cincinnati",5730,3820,1910,"342","109","203","30",538,362,67.3,7.3,70,32,14,21,459,4.2,33,15,3,362,3935,10.9,70,32,9,".688",2005
"104","New England",5632,4120,1512,"334","101","204","29",564,352,62.4,7.7,71,28,15,28,439,3.4,31,16,6,352,4322,12.3,71,28,4,".625",2005
"105","Arizona",5575,4437,1138,"304","58","224","22",670,419,62.5,7,63,21,21,45,360,3.2,32,2,10,419,4723,11.3,63,21,3,".313",2005
"106","Los Angeles",5571,4036,1535,"314","82","209","23",599,392,65.4,7.3,83,23,24,46,380,4,51,13,11,392,4351,11.1,83,23,6,".375",2005
"107","San Diego",5567,3495,2072,"337","116","191","30",526,338,64.3,7.1,54,27,16,31,465,4.5,83,22,2,338,3738,11.1,54,27,3,".563",2005
"108","Washington",5289,3106,2183,"301","114","166","21",481,278,57.8,7,78,25,11,31,525,4.2,52,15,10,278,3346,12,78,25,5,".625",2005
"109","Atlanta",5225,2679,2546,"313","139","149","25",451,247,54.8,6.4,58,19,13,39,531,4.8,65,17,8,247,2907,11.8,58,19,5,".500",2005
"110","Dallas",5202,3341,1861,"318","97","177","44",500,300,60,7.3,71,23,17,50,521,3.6,51,13,16,300,3639,12.1,71,23,4,".563",2005
"111","Miami",5198,3300,1898,"274","93","159","22",556,291,52.3,6.2,77,22,16,26,444,4.3,65,11,10,291,3458,11.9,77,22,5,".563",2005
"112","Pittsburgh",5149,2926,2223,"297","120","144","33",379,228,60.2,8.2,85,21,14,32,549,4,80,21,10,228,3104,13.6,85,21,3,".688",2005
"113","Jacksonville",5149,3190,1959,"301","97","170","34",487,283,58.1,6.9,45,21,6,32,502,3.9,71,18,2,283,3352,11.8,45,21,8,".750",2005
"114","Tennessee",5122,3597,1525,"279","72","191","16",594,358,60.3,6.4,57,20,14,31,397,3.8,38,8,8,358,3797,10.6,57,20,4,".250",2005
"115","Green Bay",5118,3766,1352,"318","76","206","36",626,383,61.2,6.3,59,20,30,27,398,3.4,64,11,10,383,3964,10.4,59,20,3,".250",2005
"116","Philadelphia",5109,3677,1432,"282","73","182","27",620,337,54.4,6.3,91,21,20,42,365,3.9,59,11,14,337,3903,11.6,91,21,4,".375",2005
"117","New Orleans",5031,3343,1688,"312","89","182","41",553,308,55.7,6.5,66,15,24,41,423,4,42,8,6,308,3604,11.7,66,15,4,".188",2005
"118","Oakland",4951,3582,1369,"294","80","189","25",591,316,53.5,6.6,79,21,14,45,361,3.8,27,11,5,316,3883,12.3,79,21,3,".250",2005
"119","Carolina",4950,3271,1679,"278","82","157","39",449,269,59.9,7.8,80,25,16,28,487,3.4,70,17,6,269,3485,13,80,25,3,".688",2005
"120","Tampa Bay",4716,2890,1826,"268","83","161","24",487,303,62.2,6.5,80,17,14,41,457,4,71,13,5,303,3171,10.5,80,17,2,".688",2005
"121","Baltimore",4693,3088,1605,"286","97","163","26",562,335,59.6,6,48,17,21,42,452,3.6,52,5,11,335,3381,10.1,48,17,5,".375",2005
"122","Minnesota",4613,3146,1467,"285","83","169","33",510,323,63.3,6.8,80,18,16,54,381,3.9,61,10,8,323,3449,10.7,80,18,2,".563",2005
"123","Cleveland",4550,3047,1503,"241","76","149","16",497,297,59.8,6.7,80,15,17,46,395,3.8,75,4,12,297,3323,11.2,80,15,1,".375",2005
"124","Detroit",4319,2848,1471,"258","69","151","38",520,297,57.1,5.8,86,15,18,31,404,3.6,77,10,4,297,3021,10.2,86,15,5,".313",2005
"125","Buffalo",4122,2515,1607,"259","96","129","34",459,269,58.6,6.2,65,18,16,43,428,3.8,39,6,8,269,2852,10.6,65,18,1,".313",2005
"126","Chicago",4101,2002,2099,"233","99","111","23",418,219,52.4,5.3,54,11,15,31,488,4.3,42,11,9,219,2201,10.1,54,11,3,".688",2005
"127","Houston",4053,2237,1816,"243","89","142","12",449,270,60.1,5.9,53,15,13,68,437,4.2,44,9,6,270,2661,9.9,53,15,0,".125",2005
"128","NY Jets",3970,2642,1328,"251","74","146","31",470,268,57,6.4,60,11,15,53,384,3.5,49,10,11,268,2989,11.2,60,11,4,".250",2005
"129","San Francisco",3587,1898,1689,"191","70","96","25",389,204,52.4,5.6,89,8,21,48,428,3.9,73,9,8,204,2190,10.7,89,8,4,".250",2005
"130","New Orleans",6264,4503,1761,"330","99","207","24",580,372,64.1,8,86,27,13,23,472,3.7,57,19,7,372,4626,12.4,86,27,4,".625",2006
"131","Philadelphia",6103,4119,1984,"312","106","189","17",544,323,59.4,7.9,89,31,9,28,416,4.8,71,13,6,323,4309,13.3,89,31,5,".625",2006
"132","Indianapolis",6070,4308,1762,"376","112","241","23",557,362,65,7.9,68,31,9,15,439,4,41,17,4,362,4397,12.1,68,31,4,".750",2006
"133","San Diego",5840,3262,2578,"321","137","169","15",466,287,61.6,7.3,57,24,9,28,522,4.9,85,32,8,287,3412,11.9,57,24,2,".875",2006
"134","Dallas",5772,3836,1936,"336","107","197","32",506,310,61.3,8,56,26,21,37,472,4.1,77,21,6,310,4067,13.1,56,26,1,".563",2006
"135","Los Angeles",5767,3962,1805,"332","94","212","26",592,371,62.7,7.3,67,24,8,49,424,4.3,59,13,6,371,4328,11.7,67,24,5,".500",2006
"136","Pittsburgh",5725,3733,1992,"327","100","201","26",523,312,59.7,7.7,87,23,23,49,469,4.2,76,16,12,312,4026,12.9,87,23,4,".500",2006
"137","Cincinnati",5462,3833,1629,"313","88","200","25",523,327,62.5,7.8,74,28,13,36,435,3.7,22,14,8,327,4066,12.4,74,28,1,".500",2006
"138","Green Bay",5458,3795,1663,"301","93","185","23",630,350,55.6,6.3,82,18,18,24,431,3.9,70,9,6,350,3947,11.3,82,18,7,".500",2006
"139","Jacksonville",5423,2882,2541,"293","127","147","19",446,266,59.6,6.9,51,17,14,30,513,5,76,23,8,266,3060,11.5,51,17,3,".500",2006
"140","New England",5369,3400,1969,"330","121","181","28",527,326,61.9,6.8,62,25,12,29,499,3.9,50,20,6,326,3590,11,62,25,6,".750",2006
"141","Atlanta",5310,2371,2939,"287","134","133","20",416,222,53.4,6.4,55,21,15,47,537,5.5,90,9,8,222,2682,12.1,55,21,3,".438",2006
"142","Washington",5243,3027,2216,"295","123","150","22",470,274,58.3,6.8,74,19,10,19,490,4.5,38,13,12,274,3174,11.6,74,19,6,".313",2006
"143","NY Giants",5214,3058,2156,"304","120","163","21",523,301,57.6,6.2,55,24,18,25,455,4.7,55,14,7,301,3244,10.8,55,24,4,".500",2006
"144","Chicago",5199,3281,1918,"300","103","161","36",514,282,54.9,6.7,75,24,22,25,503,3.8,30,14,5,282,3446,12.2,75,24,5,".812",2006
"145","Kansas City",5143,3000,2143,"310","105","184","21",450,272,60.4,7.2,78,18,12,41,513,4.2,47,17,10,272,3243,11.9,78,18,2,".563",2006
"146","Baltimore",5072,3435,1637,"282","86","179","17",524,328,62.6,6.7,87,21,14,17,476,3.4,52,11,12,328,3535,10.8,87,21,4,".813",2006
"147","Arizona",5000,3662,1338,"298","84","187","27",545,322,59.1,7.2,64,17,17,35,419,3.2,18,12,11,322,3924,12.2,64,17,3,".313",2006
"148","Seattle",4977,3054,1923,"312","112","167","33",512,292,57,6.6,72,26,22,49,484,4,37,8,9,292,3369,11.5,72,26,5,".563",2006
"149","Miami",4960,3287,1673,"281","82","180","19",591,342,57.9,6.1,52,16,19,41,402,4.2,55,7,8,342,3577,10.5,52,16,2,".375",2006
"150","Denver",4951,2799,2152,"285","106","151","28",454,256,56.4,6.6,83,20,18,31,488,4.4,72,12,12,256,2995,11.7,83,20,5,".563",2006
"151","Detroit",4949,3820,1129,"290","53","208","29",596,372,62.4,7.1,60,21,22,63,304,3.7,52,9,8,372,4208,11.3,60,21,5,".188",2006
"152","Minnesota",4943,3123,1820,"272","87","160","25",540,332,61.5,6.3,50,13,20,43,442,4.1,95,12,7,332,3402,10.2,50,13,7,".375",2006
"153","Carolina",4923,3264,1659,"278","100","158","20",539,325,60.3,6.5,72,19,17,32,423,3.9,43,7,7,325,3486,10.7,72,19,2,".500",2006
"154","NY Jets",4891,3153,1738,"289","99","161","29",488,313,64.1,6.9,71,17,16,34,491,3.5,32,15,4,313,3352,10.7,71,17,4,".625",2006
"155","San Francisco",4860,2688,2172,"243","97","132","14",444,257,57.9,6.5,75,16,16,35,439,4.9,72,12,10,257,2890,11.2,75,16,3,".438",2006
"156","Tennessee",4810,2596,2214,"261","105","133","23",447,226,50.6,6.1,53,13,19,29,469,4.7,70,15,11,226,2748,12.2,53,13,4,".500",2006
"157","Houston",4465,2778,1687,"282","106","156","20",481,329,68.4,6.3,53,14,13,43,431,3.9,35,13,9,329,3032,9.2,53,14,5,".375",2006
"158","Tampa Bay",4321,2798,1523,"237","82","133","22",535,296,55.3,5.6,64,14,18,33,404,3.8,38,6,10,296,2994,10.1,64,14,5,".250",2006
"159","Buffalo",4271,2719,1552,"234","82","132","20",431,268,62.2,7.1,83,19,14,47,420,3.7,57,9,12,268,3051,11.4,83,19,3,".438",2006
"160","Cleveland",4233,2898,1335,"250","72","153","25",512,318,62.1,6.3,75,15,25,54,372,3.6,33,7,11,318,3247,10.2,75,15,2,".250",2006
"161","Oakland",3939,2420,1519,"243","73","144","26",483,263,54.5,5.9,57,7,24,72,394,3.9,59,5,16,263,2850,10.8,57,7,7,".125",2006
"162","New England",6580,4731,1849,"393","124","243","26",586,403,68.8,8.3,69,50,9,21,451,4.1,59,17,2,403,4859,12.1,69,50,4,"1.000",2007
"163","Green Bay",5931,4334,1597,"307","69","210","28",578,383,66.3,7.7,82,30,15,19,388,4.1,66,13,7,383,4461,11.6,82,30,9,".813",2007
"164","Dallas",5851,4105,1746,"322","83","217","22",531,342,64.4,8.1,59,36,19,25,419,4.2,54,14,4,342,4290,12.5,59,36,4,".813",2007
"165","New Orleans",5780,4314,1466,"346","94","232","20",652,440,67.5,6.8,58,28,18,16,392,3.7,26,14,10,440,4423,10.1,58,28,4,".438",2007
"166","Indianapolis",5739,4033,1706,"357","119","212","26",551,355,64.4,7.6,73,32,14,23,446,3.8,23,19,1,355,4172,11.8,73,32,5,".813",2007
"167","Philadelphia",5729,3755,1974,"323","118","186","19",577,350,60.7,6.9,75,24,15,49,421,4.7,40,12,3,350,4005,11.4,75,24,3,".500",2007
"168","Jacksonville",5719,3328,2391,"328","127","180","21",469,288,61.4,7.5,80,28,8,31,522,4.6,80,18,4,288,3495,12.1,80,28,4,".688",2007
"169","Cleveland",5621,3726,1895,"315","110","192","13",545,305,56,7.1,78,29,20,19,440,4.3,66,13,7,305,3866,12.7,78,29,6,".625",2007
"170","Seattle",5583,3964,1619,"323","93","211","19",590,371,62.9,7.1,65,30,13,36,430,3.8,46,9,7,371,4181,11.3,65,30,2,".625",2007
"171","Cincinnati",5568,4012,1556,"320","81","213","26",575,373,64.9,7.2,70,26,20,17,416,3.7,45,10,6,373,4131,11.1,70,26,5,".438",2007
"172","Denver",5541,3584,1957,"305","96","187","22",515,326,63.3,7.3,68,21,15,32,429,4.6,62,10,13,326,3759,11.5,68,21,6,".438",2007
"173","Arizona",5505,4065,1440,"308","70","210","28",590,356,60.3,7.2,62,32,24,24,402,3.6,27,9,14,356,4228,11.9,62,32,7,".500",2007
"174","Minnesota",5379,2745,2634,"294","131","139","24",432,249,57.6,6.8,79,12,14,38,494,5.3,84,22,13,249,2938,11.8,79,12,5,".500",2007
"175","Houston",5337,3751,1586,"295","96","190","9",529,346,65.4,7.4,77,24,21,22,417,3.8,41,12,4,346,3925,11.3,77,24,10,".500",2007
"176","Washington",5334,3463,1871,"307","103","192","12",525,319,60.8,6.9,54,18,11,29,498,3.8,32,15,15,319,3622,11.4,54,18,4,".563",2007
"177","NY Giants",5302,3154,2148,"321","119","167","35",544,302,55.5,6.2,60,23,20,28,469,4.6,88,15,11,302,3376,11.2,60,23,2,".625",2007
"178","Pittsburgh",5239,3071,2168,"298","108","179","11",442,282,63.8,7.7,83,34,14,47,511,4.2,45,9,7,282,3418,12.1,83,34,1,".625",2007
"179","Tampa Bay",5229,3357,1872,"281","98","162","21",490,316,64.5,7.3,69,18,8,36,449,4.2,31,15,6,316,3579,11.3,69,18,6,".563",2007
"180","Detroit",5166,3878,1288,"303","73","203","27",587,368,62.7,7.2,91,19,22,54,324,4,53,13,13,368,4216,11.5,91,19,6,".438",2007
"181","San Diego",5044,3005,2039,"278","104","158","16",471,281,59.7,6.7,49,22,16,24,485,4.2,74,19,7,281,3175,11.3,49,22,2,".688",2007
"182","Tennessee",4987,2878,2109,"306","118","171","17",464,288,62.1,6.6,73,9,17,30,543,3.9,42,17,12,288,3077,10.7,73,9,5,".625",2007
"183","Baltimore",4832,3035,1797,"291","96","175","20",557,341,61.2,5.9,79,13,14,39,446,4,46,11,10,341,3308,9.7,79,13,3,".313",2007
"184","Atlanta",4816,3296,1520,"248","73","161","14",555,336,60.5,6.4,74,18,15,47,385,3.9,67,7,5,336,3573,10.6,74,18,4,".250",2007
"185","Los Angeles",4760,3233,1527,"281","65","193","23",574,333,58,6.2,40,19,28,48,404,3.8,54,5,8,333,3561,10.7,40,19,5,".188",2007
"186","Oakland",4717,2631,2086,"267","111","133","23",451,260,57.7,6.4,59,17,20,41,508,4.1,48,11,13,260,2893,11.1,59,17,2,".250",2007
"187","NY Jets",4715,3014,1701,"286","92","173","21",512,310,60.5,6.5,57,15,19,53,446,3.8,49,6,7,310,3330,10.7,57,15,2,".250",2007
"188","Chicago",4692,3362,1330,"266","74","168","24",569,327,57.5,6.5,81,18,21,43,423,3.1,43,8,13,327,3701,11.3,81,18,4,".438",2007
"189","Miami",4600,3031,1569,"283","107","162","14",558,318,57,5.9,64,12,16,42,389,4,60,14,8,318,3319,10.4,64,12,2,".063",2007
"190","Carolina",4559,2735,1824,"255","85","142","28",505,285,56.4,5.8,74,19,17,33,451,4,75,7,7,285,2941,10.3,74,19,7,".438",2007
"191","Buffalo",4434,2634,1800,"248","91","141","16",445,263,59.1,6.4,85,12,14,26,448,4,56,8,5,263,2842,10.8,85,12,4,".438",2007
"192","Kansas City",4429,3181,1248,"255","66","171","18",563,335,59.5,6.3,58,17,20,55,383,3.3,54,6,2,335,3525,10.5,58,17,6,".250",2007
"193","San Francisco",3797,2320,1477,"218","65","140","13",513,274,53.4,5.2,57,15,17,55,357,4.1,43,8,11,274,2685,9.8,57,15,6,".313",2007
"194","New Orleans",6571,4977,1594,"354","103","232","19",636,413,64.9,8,84,34,18,13,398,4,43,20,8,413,5069,12.3,84,34,6,".500",2008
"195","Denver",6333,4471,1862,"354","103","223","28",620,386,62.3,7.3,93,25,18,12,387,4.8,71,15,8,386,4545,11.8,93,25,5,".500",2008
"196","Houston",6113,4267,1846,"340","106","210","24",555,367,66.1,8.1,65,21,20,32,432,4.3,71,16,9,367,4474,12.2,65,21,5,".500",2008
"197","Arizona",5852,4674,1178,"328","72","231","25",630,418,66.3,7.7,79,31,15,28,340,3.5,35,14,5,418,4875,11.7,79,31,6,".563",2008
"198","New England",5847,3569,2278,"356","145","186","25",534,339,63.5,7.1,76,21,11,48,513,4.4,49,21,4,339,3790,11.2,76,21,5,".688",2008
"199","Atlanta",5779,3336,2443,"313","131","157","25",434,265,61.1,7.9,70,16,11,17,560,4.4,70,23,8,265,3440,13,70,16,3,".688",2008
"200","NY Giants",5695,3177,2518,"338","130","176","32",491,298,60.7,6.8,48,23,10,28,502,5,77,19,7,298,3353,11.3,48,23,2,".750",2008
"201","Green Bay",5618,3813,1805,"299","99","182","18",541,343,63.4,7.5,71,28,13,34,437,4.1,73,11,11,343,4044,11.8,71,28,2,".375",2008
"202","Philadelphia",5608,3911,1697,"318","94","204","20",606,362,59.7,6.7,90,23,16,23,427,4,39,15,4,362,4060,11.2,90,23,4,".594",2008
"203","Carolina",5595,3158,2437,"287","118","152","17",414,246,59.4,7.9,65,15,12,20,504,4.8,69,30,4,246,3288,13.4,65,15,4,".750",2008
"204","San Diego",5584,3858,1726,"301","92","191","18",478,312,65.3,8.4,67,34,11,25,421,4.1,45,13,3,312,4009,12.8,67,34,4,".500",2008
"205","Miami",5529,3632,1897,"308","111","184","13",491,330,67.2,7.7,80,20,7,26,448,4.2,62,18,6,330,3761,11.4,80,20,6,".688",2008
"206","Dallas",5512,3789,1723,"291","102","171","18",547,328,60,7.3,75,29,20,31,401,4.3,60,12,9,328,3988,12.2,75,29,7,".563",2008
"207","Tampa Bay",5456,3619,1837,"298","100","184","14",562,355,63.2,6.7,71,18,13,32,451,4.1,68,13,6,355,3788,10.7,71,18,5,".563",2008
"208","Indianapolis",5368,4094,1274,"321","80","220","21",585,393,67.2,7.1,75,27,12,14,370,3.4,38,13,4,393,4180,10.6,75,27,4,".750",2008
"209","NY Jets",5307,3303,2004,"308","94","186","28",529,347,65.6,6.6,56,22,23,30,422,4.7,61,20,9,347,3516,10.1,56,22,5,".563",2008
"210","Minnesota",5294,2956,2338,"292","119","150","23",452,267,59.1,7.1,99,22,17,43,519,4.5,67,15,13,267,3217,12,99,22,5,".625",2008
"211","Baltimore",5184,2808,2376,"300","132","147","21",433,261,60.3,7.1,70,16,12,33,592,4,82,20,11,261,3085,11.8,70,16,5,".688",2008
"212","Washington",5120,3025,2095,"295","109","165","21",510,318,62.4,6.5,67,14,6,38,478,4.4,31,12,5,318,3291,10.3,67,14,5,".500",2008
"213","Jacksonville",5106,3332,1774,"312","107","183","22",537,335,62.4,6.7,41,15,13,42,426,4.2,46,17,5,335,3620,10.8,41,15,6,".313",2008
"214","Tennessee",5018,2819,2199,"268","108","143","17",453,265,58.5,6.4,56,13,9,12,508,4.3,80,24,6,265,2902,11,56,13,4,".813",2008
"215","Pittsburgh",4991,3301,1690,"290","93","179","18",506,303,59.9,7.1,65,19,15,49,460,3.7,34,16,4,303,3607,11.9,65,19,7,".750",2008
"216","San Francisco",4978,3379,1599,"287","83","176","28",509,309,60.7,7.3,63,21,19,55,397,4,41,10,15,309,3724,12.1,63,21,5,".438",2008
"217","Kansas City",4939,3129,1810,"273","94","161","18",541,310,57.3,6.2,75,23,16,37,379,4.8,65,9,11,310,3358,10.8,75,23,1,".125",2008
"218","Buffalo",4882,3040,1842,"287","107","167","13",479,309,64.5,6.9,87,14,15,38,439,4.2,50,16,7,309,3302,10.7,87,14,7,".438",2008
"219","Chicago",4734,3061,1673,"264","98","153","13",528,304,57.6,6.1,65,20,14,29,434,3.9,50,15,4,304,3229,10.6,65,20,5,".563",2008
"220","Los Angeles",4596,2947,1649,"249","95","140","14",520,292,56.2,6.3,80,11,19,45,417,4,56,8,8,292,3268,11.2,80,11,5,".125",2008
"221","Seattle",4385,2617,1768,"265","104","142","19",474,262,55.3,6,90,18,15,36,417,4.2,45,10,7,262,2831,10.8,90,18,4,".250",2008
"222","Oakland",4356,2369,1987,"225","87","123","15",421,222,52.7,6.3,84,13,11,39,459,4.3,67,9,11,222,2639,11.9,84,13,0,".313",2008
"223","Detroit",4292,2960,1332,"234","70","143","21",509,281,55.2,6.5,96,18,19,52,352,3.8,50,10,8,281,3299,11.7,96,18,8,".000",2008
"224","Cleveland",3985,2380,1605,"233","84","127","22",488,238,48.8,5.2,70,11,20,24,409,3.9,72,6,8,238,2537,10.7,70,11,4,".250",2008
"225","Cincinnati",3926,2406,1520,"245","80","145","20",513,303,59.1,5.2,79,11,15,51,420,3.6,46,6,10,303,2677,8.8,79,11,2,".281",2008
"226","New Orleans",6461,4355,2106,"348","115","215","18",544,378,69.5,8.3,75,34,12,20,468,4.5,55,21,6,378,4490,11.9,75,34,5,".813",2009
"227","Dallas",6390,4287,2103,"335","110","203","22",550,347,63.1,8.2,80,26,9,34,436,4.8,66,14,6,347,4483,12.9,80,26,3,".688",2009
"228","New England",6357,4436,1921,"373","114","222","37",592,390,65.9,7.7,81,28,13,18,466,4.1,55,19,7,390,4540,11.6,81,28,4,".625",2009
"229","Houston",6129,4654,1475,"340","93","231","16",593,399,67.3,8.1,72,29,17,25,425,3.5,32,13,11,399,4803,12,72,29,6,".563",2009
"230","Minnesota",6074,4156,1918,"343","99","220","24",553,377,68.2,8,63,34,7,34,467,4.1,64,19,8,377,4403,11.7,63,34,3,".750",2009
"231","Green Bay",6065,4180,1885,"335","102","201","32",553,357,64.6,8.1,83,30,8,51,438,4.3,62,20,3,357,4492,12.6,83,30,4,".688",2009
"232","Pittsburgh",5941,4148,1793,"331","96","210","25",536,351,65.5,8.4,60,28,14,50,428,4.2,60,10,8,351,4496,12.8,60,28,6,".563",2009
"233","NY Giants",5856,4019,1837,"323","103","194","26",542,338,62.4,7.8,74,28,14,32,443,4.1,38,14,12,338,4246,12.6,74,28,4,".500",2009
"234","Indianapolis",5809,4515,1294,"339","69","241","29",601,402,66.9,7.7,80,34,19,13,366,3.5,45,16,4,402,4605,11.5,80,34,3,".875",2009
"235","San Diego",5761,4338,1423,"330","80","222","28",519,338,65.1,8.7,81,29,10,26,427,3.3,36,17,2,338,4506,13.3,81,29,3,".813",2009
"236","Philadelphia",5726,4089,1637,"290","87","182","21",553,335,60.6,7.9,71,27,13,38,384,4.3,67,14,7,335,4380,13.1,71,27,3,".688",2009
"237","Tennessee",5623,3031,2592,"288","115","154","19",476,271,56.9,6.5,69,16,15,15,499,5.2,91,19,14,271,3104,11.5,69,16,5,".500",2009
"238","Baltimore",5619,3419,2200,"320","115","187","18",510,321,62.9,7.1,72,21,13,36,468,4.7,77,22,6,321,3637,11.3,72,21,2,".563",2009
"239","Arizona",5510,4016,1494,"317","77","215","25",594,392,66,7.1,45,27,18,26,365,4.1,50,16,12,392,4200,10.7,45,27,5,".625",2009
"240","Denver",5463,3627,1836,"306","95","186","25",558,341,61.1,6.9,87,21,13,34,440,4.2,45,9,6,341,3825,11.2,87,21,2,".500",2009
"241","Atlanta",5447,3571,1876,"330","105","192","33",570,332,58.2,6.5,90,26,17,27,451,4.2,58,15,5,332,3697,11.1,90,26,3,".563",2009
"242","Miami",5401,3170,2231,"333","129","188","16",545,331,60.7,6.2,67,15,19,34,509,4.4,68,22,11,331,3396,10.3,67,15,6,".438",2009
"243","Jacksonville",5385,3356,2029,"300","114","170","16",519,315,60.7,6.9,63,15,10,44,447,4.5,80,19,7,315,3599,11.4,63,15,5,".438",2009
"244","Carolina",5297,2799,2498,"289","123","152","14",465,264,56.8,6.6,66,16,20,33,525,4.8,77,18,11,264,3070,11.6,66,16,3,".500",2009
"245","NY Jets",5136,2380,2756,"280","132","131","17",393,210,53.4,6.6,65,12,21,30,607,4.5,71,21,9,210,2596,12.4,65,12,3,".563",2009
"246","Seattle",5069,3503,1566,"297","80","184","33",609,372,61.1,6.2,53,20,19,41,395,4,62,7,11,372,3771,10.1,53,20,6,".313",2009
"247","Washington",4998,3490,1508,"280","72","191","17",533,340,63.8,7.1,84,21,16,46,391,3.9,78,8,6,340,3797,11.2,84,21,5,".250",2009
"248","Chicago",4965,3473,1492,"262","71","170","21",563,340,60.4,6.5,71,27,27,35,373,4,72,6,10,340,3677,10.8,71,27,3,".438",2009
"249","Cincinnati",4946,2890,2056,"295","109","159","27",477,286,60,6.6,73,21,13,29,505,4.1,61,9,8,286,3134,11,73,21,7,".625",2009
"250","Kansas City",4851,2922,1929,"256","91","139","26",536,296,55.2,5.9,61,18,17,45,438,4.4,76,8,14,296,3183,10.8,61,18,1,".250",2009
"251","Detroit",4784,3168,1616,"281","82","168","31",585,316,54,5.9,75,16,32,43,409,4,64,9,7,316,3471,11,75,16,5,".125",2009
"252","San Francisco",4652,3052,1600,"238","77","137","24",528,312,59.1,6.2,73,23,14,40,371,4.3,80,12,5,312,3293,10.6,73,23,2,".500",2009
"253","Tampa Bay",4600,2975,1625,"246","80","148","18",525,280,53.3,6,47,18,29,33,403,4,35,5,12,280,3136,11.2,47,18,1,".188",2009
"254","Los Angeles",4470,2686,1784,"259","79","159","21",543,312,57.5,5.5,50,12,21,44,411,4.3,58,4,7,312,2970,9.5,50,12,5,".063",2009
"255","Buffalo",4382,2515,1867,"233","81","126","26",441,256,58.1,6.3,98,17,19,46,424,4.4,47,6,6,256,2789,10.9,98,17,5,".375",2009
"256","Oakland",4258,2557,1701,"234","81","131","22",485,255,52.6,5.9,86,10,18,49,410,4.1,60,7,8,255,2875,11.3,86,10,2,".313",2009
"257","Cleveland",4163,2076,2087,"237","102","118","17",443,219,49.4,5.1,59,11,18,30,498,4.2,71,10,6,219,2255,10.3,59,11,5,".313",2009
"258","San Diego",6329,4519,1810,"357","94","236","27",544,359,66,8.7,59,30,13,38,457,4,36,18,13,359,4746,13.2,59,30,5,".563",2010
"259","Philadelphia",6230,3906,2324,"322","116","189","17",561,348,62,7.5,91,28,13,49,428,5.4,62,18,7,348,4215,12.1,91,28,6,".625",2010
"260","Houston",6186,4144,2042,"360","118","222","20",574,365,63.6,7.6,60,24,12,32,423,4.8,74,20,5,365,4370,12,60,24,3,".375",2010
"261","Indianapolis",6092,4609,1483,"366","87","253","26",679,450,66.3,6.9,73,33,17,16,393,3.8,49,13,5,450,4700,10.4,73,33,3,".625",2010
"262","NY Giants",6085,3885,2200,"331","112","192","27",539,339,62.9,7.4,92,31,25,16,480,4.6,73,17,12,339,4002,11.8,92,31,3,".625",2010
"263","New Orleans",5960,4441,1519,"351","94","236","21",661,450,68.1,7,80,33,22,26,380,4,55,9,7,450,4636,10.3,80,33,2,".688",2010
"264","Dallas",5828,4042,1786,"327","104","201","22",576,379,65.8,7.3,71,29,19,31,428,4.2,60,10,5,379,4208,11.1,71,29,8,".375",2010
"265","New England",5820,3847,1973,"335","119","196","20",507,331,65.3,7.9,79,37,5,25,454,4.3,36,19,2,331,4022,12.2,79,37,2,".875",2010
"266","Green Bay",5730,4124,1606,"312","88","204","20",541,352,65.1,8.1,86,31,13,38,421,3.8,71,11,4,352,4355,12.4,86,31,9,".625",2010
"267","Oakland",5674,3180,2494,"306","113","159","34",491,279,56.8,7.1,73,18,16,44,504,4.9,71,19,9,279,3471,12.4,73,18,4,".500",2010
"268","NY Jets",5616,3242,2374,"307","118","171","18",525,288,54.9,6.5,74,20,14,28,534,4.4,53,14,11,288,3420,11.9,74,20,3,".688",2010
"269","Kansas City",5595,2968,2627,"319","129","167","23",475,274,57.7,6.7,75,27,8,32,556,4.7,80,13,7,274,3189,11.6,75,27,2,".625",2010
"270","Denver",5582,4038,1544,"309","81","204","24",580,334,57.6,7.4,71,25,12,40,398,3.9,40,13,12,334,4307,12.9,71,25,5,".250",2010
"271","Pittsburgh",5525,3601,1924,"295","106","175","14",479,298,62.2,8.1,56,22,9,43,471,4.1,50,15,9,298,3890,13.1,56,22,3,".750",2010
"272","Jacksonville",5460,3065,2395,"330","148","161","21",469,291,62,7.2,75,26,21,38,512,4.7,74,14,8,291,3356,11.5,75,26,3,".500",2010
"273","Atlanta",5458,3567,1891,"353","111","200","42",577,361,62.6,6.5,46,28,9,23,497,3.8,55,14,4,361,3725,10.3,46,28,3,".813",2010
"274","Detroit",5423,3810,1613,"304","83","199","22",633,383,60.5,6.3,87,26,16,27,404,4,45,11,6,383,4001,10.4,87,26,4,".375",2010
"275","Washington",5374,3913,1461,"295","72","194","29",605,349,57.7,7,76,21,19,46,351,4.2,54,9,6,349,4261,12.2,76,21,8,".375",2010
"276","Tampa Bay",5362,3361,2001,"288","97","172","19",494,306,61.9,7.2,64,26,6,30,431,4.6,61,9,7,306,3564,11.6,64,26,6,".625",2010
"277","Cincinnati",5289,3767,1522,"317","85","206","26",590,365,61.9,6.8,78,26,20,28,428,3.6,42,8,11,365,3988,10.9,78,26,4,".250",2010
"278","Miami",5170,3527,1643,"300","91","189","20",557,335,60.1,6.7,57,17,21,38,445,3.7,51,8,12,335,3755,11.2,57,17,3,".438",2010
"279","Baltimore",5166,3335,1831,"303","97","175","31",491,308,62.7,7.4,67,25,10,40,487,3.8,50,11,6,308,3629,11.8,67,25,3,".750",2010
"280","Minnesota",5039,3097,1942,"289","104","159","26",505,305,60.4,6.6,53,14,26,36,441,4.4,80,16,7,305,3327,10.9,53,14,3,".375",2010
"281","San Francisco",5013,3356,1657,"251","85","149","17",500,282,56.4,7.2,66,19,15,44,401,4.1,64,10,6,282,3613,12.8,66,19,3,".375",2010
"282","Buffalo",4878,3158,1720,"263","82","166","15",519,296,57,6.5,65,24,21,34,401,4.3,39,6,11,296,3371,11.4,65,24,8,".250",2010
"283","Los Angeles",4846,3268,1578,"292","84","179","29",590,354,60,6,49,18,15,34,429,3.7,42,9,2,354,3512,9.9,49,18,2,".438",2010
"284","Tennessee",4834,3107,1727,"252","73","155","24",474,273,57.6,6.9,80,24,15,27,406,4.3,76,13,7,273,3278,12,80,24,4,".375",2010
"285","Seattle",4765,3341,1424,"260","81","159","20",544,324,59.6,6.5,87,14,20,35,385,3.7,39,13,3,324,3536,10.9,87,14,3,".438",2010
"286","Cleveland",4635,2989,1646,"265","87","154","24",478,296,61.9,6.7,65,13,18,36,413,4,68,13,13,296,3203,10.8,65,13,4,".313",2010
"287","Chicago",4631,3015,1616,"263","76","163","24",466,276,59.2,7.3,89,23,21,56,414,3.9,68,10,1,276,3397,12.3,89,23,7,".688",2010
"288","Arizona",4309,2921,1388,"241","67","154","20",561,285,50.8,5.8,74,10,19,50,320,4.3,80,9,7,285,3264,11.5,74,10,4,".313",2010
"289","Carolina",4135,2289,1846,"225","78","125","22",484,256,52.9,5.4,88,9,21,50,428,4.3,60,7,16,256,2635,10.3,88,9,2,".125",2010
"290","New Orleans",7474,5347,2127,"416","116","280","20",662,472,71.3,8.3,79,46,14,24,431,4.9,36,16,3,472,5505,11.7,79,46,3,".813",2011
"291","New England",6848,5084,1764,"399","107","262","30",612,402,65.7,8.6,99,39,12,32,438,4,33,18,3,402,5257,13.1,99,39,1,".813",2011
"292","Green Bay",6482,4924,1558,"353","89","230","34",552,376,68.1,9.4,93,51,8,41,395,3.9,47,12,4,376,5161,13.7,93,51,1,".938",2011
"293","Philadelphia",6386,4110,2276,"356","134","197","25",554,330,59.6,7.7,73,22,25,32,450,5.1,60,20,9,330,4276,13,73,22,3,".500",2011
"294","Detroit",6337,4814,1523,"349","71","244","34",666,423,63.5,7.6,73,41,16,36,356,4.3,88,9,6,423,5071,12,73,41,4,".625",2011
"295","San Diego",6290,4426,1864,"359","97","234","28",582,366,62.9,7.9,58,27,20,30,436,4.3,41,16,8,366,4624,12.6,58,27,4,".500",2011
"296","Carolina",6237,3829,2408,"345","139","175","31",519,312,60.1,7.9,91,21,17,35,445,5.4,74,26,3,312,4089,13.1,91,21,6,".375",2011
"297","NY Giants",6161,4734,1427,"331","84","216","31",589,359,61,8.4,99,29,16,28,411,3.5,37,17,6,359,4933,13.7,99,29,2,".562",2011
"298","Oakland",6072,3962,2110,"328","110","186","32",524,315,60.1,7.9,78,20,23,25,466,4.5,70,16,7,315,4119,13.1,78,20,4,".500",2011
"299","Atlanta",6026,4192,1834,"349","100","215","34",594,365,61.4,7.3,80,29,13,26,453,4,81,14,4,365,4365,12,80,29,2,".625",2011
"300","Dallas",6008,4201,1807,"327","91","219","17",570,376,66,7.8,77,33,12,39,408,4.4,91,5,8,376,4453,11.8,77,33,5,".500",2011
"301","Pittsburgh",5957,4054,1903,"341","96","221","24",539,341,63.3,8,95,21,15,42,434,4.4,76,13,5,341,4333,12.7,95,21,4,".750",2011
"302","Houston",5954,3506,2448,"321","131","176","14",467,288,61.7,7.9,80,20,9,33,546,4.5,56,18,10,288,3696,12.8,80,20,1,".625",2011
"303","Buffalo",5624,3703,1921,"313","100","180","33",578,356,61.6,6.7,60,24,25,23,391,4.9,80,12,10,356,3857,10.8,60,24,1,".375",2011
"304","Baltimore",5419,3423,1996,"312","98","181","33",544,314,57.7,6.7,74,21,12,33,459,4.3,70,15,6,314,3629,11.6,74,21,1,".750",2011
"305","Washington",5387,3773,1614,"312","79","204","29",591,346,58.5,6.9,51,19,24,41,400,4,39,8,4,346,4058,11.7,51,19,4,".313",2011
"306","Tennessee",5361,3923,1438,"281","71","185","25",584,353,60.4,7,80,22,14,24,376,3.8,48,8,5,353,4113,11.7,80,22,5,".563",2011
"307","Minnesota",5275,2957,2318,"297","118","159","20",510,286,56.1,6.4,72,20,17,49,448,5.2,67,18,7,286,3255,11.4,72,20,5,".188",2011
"308","Arizona",5192,3567,1625,"286","83","175","28",550,307,55.8,7.2,73,21,23,54,389,4.2,71,12,8,307,3954,12.9,73,21,4,".500",2011
"309","Cincinnati",5118,3340,1778,"285","93","160","32",535,308,57.6,6.6,84,21,14,25,455,3.9,42,10,7,308,3507,11.4,84,21,2,".563",2011
"310","Tampa Bay",5108,3650,1458,"277","74","180","23",588,365,62.1,6.5,65,17,24,32,346,4.2,54,9,8,365,3838,10.5,65,17,7,".250",2011
"311","Miami",5078,3091,1987,"287","89","166","32",469,280,59.7,7.3,65,20,13,52,469,4.2,76,11,13,280,3425,12.2,65,20,3,".375",2011
"312","Denver",5066,2434,2632,"286","129","130","27",429,217,50.6,6.3,56,20,13,42,546,4.8,60,11,11,217,2708,12.5,56,20,6,".500",2011
"313","Chicago",5026,3011,2015,"271","97","153","21",473,268,56.7,7.1,81,18,20,49,456,4.4,46,10,7,268,3346,12.5,81,18,7,".500",2011
"314","NY Jets",4989,3297,1692,"301","92","173","36",547,310,56.7,6.5,74,26,18,40,443,3.8,31,14,8,310,3542,11.4,74,26,3,".500",2011
"315","San Francisco",4974,2930,2044,"282","101","150","31",451,277,61.4,7.1,56,18,5,44,498,4.1,55,14,5,277,3193,11.5,56,18,3,".813",2011
"316","Kansas City",4973,3080,1893,"277","89","163","25",500,299,59.8,6.6,52,13,18,34,487,3.9,34,5,5,299,3288,11,52,13,3,".438",2011
"317","Seattle",4861,3105,1756,"265","89","153","23",509,299,58.7,6.8,61,15,14,50,444,4,48,15,8,299,3444,11.5,61,15,1,".438",2011
"318","Cleveland",4621,3090,1531,"278","77","173","28",570,320,56.1,5.8,76,16,13,39,415,3.7,40,4,10,320,3300,10.3,76,16,2,".250",2011
"319","Indianapolis",4589,2995,1594,"258","69","170","19",534,302,56.6,6,87,14,14,35,382,4.2,80,8,7,302,3223,10.7,87,14,3,".125",2011
"320","Los Angeles",4537,2870,1667,"267","79","159","29",549,292,53.2,5.9,68,9,10,55,409,4.1,47,7,6,292,3258,11.2,68,9,5,".125",2011
"321","Jacksonville",4149,2179,1970,"251","103","122","26",469,240,51.2,5.4,74,12,15,44,489,4,56,9,13,240,2510,10.5,74,12,3,".313",2011
"322","New England",6846,4662,2184,"444","151","256","37",641,402,62.7,7.6,83,34,9,27,523,4.2,47,25,6,402,4844,12.1,83,34,5,".750",2012
"323","New Orleans",6574,4997,1577,"352","64","267","21",671,423,63,7.7,80,43,19,26,370,4.3,56,10,0,423,5187,12.3,80,43,7,".438",2012
"324","Detroit",6540,4927,1613,"382","84","272","26",740,445,60.1,6.9,57,22,17,29,391,4.1,67,17,7,445,5139,11.5,57,22,7,".250",2012
"325","Denver",6366,4534,1832,"380","112","232","36",588,402,68.4,7.9,71,37,11,21,481,3.8,31,12,8,402,4671,11.6,71,37,4,".813",2012
"326","Washington",6131,3422,2709,"341","144","171","26",442,291,65.8,8.3,88,24,8,33,519,5.2,76,22,13,291,3666,12.6,88,24,4,".625",2012
"327","Dallas",5994,4729,1265,"338","76","237","25",658,434,66,7.6,85,29,19,36,355,3.6,48,8,6,434,4992,11.5,85,29,4,".500",2012
"328","Houston",5953,3830,2123,"341","114","205","22",554,354,63.9,7.3,60,22,13,28,508,4.2,81,19,5,354,4046,11.4,60,22,0,".750",2012
"329","Atlanta",5906,4509,1397,"342","70","246","26",615,422,68.6,7.7,80,32,14,28,378,3.7,43,12,4,422,4719,11.2,80,32,3,".813",2012
"330","Tampa Bay",5820,3983,1837,"301","89","188","24",566,311,54.9,7.3,95,27,17,26,416,4.4,70,13,3,311,4144,13.3,95,27,0,".438",2012
"331","Indianapolis",5799,4128,1671,"360","110","208","42",628,339,54,7,70,23,18,41,440,3.8,26,11,5,339,4374,12.9,70,23,4,".688",2012
"332","San Francisco",5789,3298,2491,"322","128","172","22",436,289,66.3,8.1,57,23,8,41,492,5.1,50,17,11,289,3551,12.3,57,23,5,".719",2012
"333","Carolina",5771,3683,2088,"328","123","171","34",490,284,58,8,82,19,12,36,462,4.5,72,21,8,284,3927,13.8,82,19,4,".438",2012
"334","Green Bay",5751,4049,1702,"341","85","213","43",558,374,67,7.8,73,40,8,51,433,3.9,41,9,4,374,4342,11.6,73,40,2,".688",2012
"335","NY Giants",5687,3825,1862,"327","103","187","37",539,323,59.9,7.4,80,26,15,20,409,4.6,52,18,6,323,3967,12.3,80,26,0,".563",2012
"336","Philadelphia",5665,3791,1874,"332","111","190","31",618,367,59.4,6.6,77,18,15,48,413,4.5,65,10,18,367,4075,11.1,77,18,5,".250",2012
"337","Baltimore",5640,3739,1901,"314","98","182","34",560,334,59.6,7.1,61,22,11,38,444,4.3,78,17,4,334,3996,12,61,22,0,".625",2012
"338","Seattle",5610,3031,2579,"311","129","153","29",405,259,64,8,67,27,10,33,536,4.8,77,16,7,259,3234,12.5,67,27,3,".688",2012
"339","Oakland",5504,4084,1420,"300","72","200","28",629,376,59.8,6.8,64,24,16,27,376,3.8,64,4,4,376,4292,11.4,64,24,6,".250",2012
"340","Buffalo",5486,3269,2217,"301","103","176","22",511,309,60.5,6.7,68,24,17,30,442,5,62,12,7,309,3430,11.1,68,24,7,".375",2012
"341","Minnesota",5385,2751,2634,"306","113","163","30",483,300,62.1,6.1,65,18,12,32,486,5.4,82,16,9,300,2935,9.8,65,18,3,".625",2012
"342","Pittsburgh",5324,3787,1537,"307","80","202","25",574,354,61.7,7,82,27,14,37,412,3.7,34,8,8,354,4012,11.3,82,27,12,".500",2012
"343","Cincinnati",5323,3578,1745,"292","95","173","24",540,335,62,7.1,73,28,16,46,430,4.1,48,11,4,335,3807,11.4,73,28,6,".625",2012
"344","Los Angeles",5264,3550,1714,"287","79","189","19",557,332,59.6,6.8,80,22,14,35,410,4.2,53,5,5,332,3783,11.4,80,22,5,".469",2012
"345","Kansas City",5108,2713,2395,"286","118","144","24",475,273,57.5,6.2,57,8,20,40,500,4.8,91,9,11,273,2937,10.8,57,8,2,".125",2012
"346","Cleveland",5028,3435,1593,"279","71","185","23",566,328,58,6.5,71,16,18,36,396,4,35,12,8,328,3668,11.2,71,16,5,".313",2012
"347","Tennessee",5010,3323,1687,"260","70","166","24",540,318,58.9,6.6,71,17,16,39,378,4.5,94,10,6,318,3577,11.2,71,17,9,".375",2012
"348","Miami",4984,3182,1802,"288","93","158","37",504,293,58.1,6.8,80,13,13,37,440,4.1,65,15,13,293,3425,11.7,80,13,4,".438",2012
"349","Chicago",4969,2999,1970,"292","99","163","30",485,287,59.2,6.8,60,21,16,44,470,4.2,46,11,4,287,3298,11.5,60,21,3,".625",2012
"350","Jacksonville",4788,3419,1369,"269","76","157","36",586,328,56,6.4,81,20,17,50,358,3.8,59,5,8,328,3746,11.4,81,20,3,".125",2012
"351","NY Jets",4787,2891,1896,"299","102","162","35",493,272,55.2,6.4,66,14,19,47,494,3.8,61,12,9,272,3178,11.7,66,14,7,".375",2012
"352","San Diego",4756,3295,1461,"293","81","184","28",528,338,64,6.8,80,26,15,49,411,3.6,52,4,5,338,3606,10.7,80,26,2,".438",2012
"353","Arizona",4209,3005,1204,"246","58","168","20",608,337,55.4,5.6,53,11,21,58,352,3.4,52,10,6,337,3383,10,53,11,2,".313",2012
"354","Denver",7317,5444,1873,"435","107","293","35",675,461,68.3,8.3,78,55,10,20,461,4.1,45,16,10,461,5572,12.1,78,55,4,".813",2013
"355","Philadelphia",6676,4110,2566,"355","133","197","25",508,310,61,8.7,70,32,9,46,500,5.1,65,19,5,310,4406,14.2,70,32,3,".625",2013
"356","Green Bay",6404,4268,2136,"351","119","201","31",570,366,64.2,8,83,25,16,45,459,4.7,67,17,7,366,4538,12.4,83,25,3,".531",2013
"357","New Orleans",6391,4918,1473,"359","87","244","28",651,446,68.5,7.9,76,39,12,37,391,3.8,38,10,1,446,5162,11.6,76,39,1,".688",2013
"358","San Diego",6293,4328,1965,"373","104","230","39",544,378,69.5,8.2,60,32,11,30,486,4,51,9,5,378,4478,11.8,60,32,4,".563",2013
"359","Detroit",6274,4482,1792,"350","106","221","23",634,371,58.5,7.3,87,29,19,23,445,4,39,15,19,371,4650,12.5,87,29,4,".438",2013
"360","New England",6152,4087,2065,"378","110","225","43",628,380,60.5,6.9,81,25,11,40,470,4.4,47,19,10,380,4343,11.4,81,25,2,".750",2013
"361","Chicago",6109,4281,1828,"344","102","215","27",579,373,64.4,7.7,80,32,13,30,404,4.5,55,13,4,373,4450,11.9,80,32,5,".500",2013
"362","Washington",5915,3751,2164,"329","112","198","19",611,355,58.1,6.6,62,20,19,43,453,4.8,45,14,11,355,4057,11.4,62,20,5,".188",2013
"363","Cincinnati",5891,4136,1755,"330","101","205","24",587,364,62,7.4,82,33,20,29,481,3.6,35,14,7,364,4318,11.9,82,33,6,".688",2013
"364","Houston",5556,3813,1743,"307","90","198","19",633,371,58.6,6.6,66,19,22,42,414,4.2,60,7,5,371,4183,11.3,66,19,5,".125",2013
"365","Arizona",5542,4002,1540,"329","84","205","40",574,363,63.2,7.5,91,24,22,41,422,3.6,80,12,7,363,4291,11.8,91,24,3,".625",2013
"366","Minnesota",5508,3427,2081,"309","106","173","30",546,325,59.5,6.7,79,18,19,44,423,4.9,78,23,9,325,3645,11.2,79,18,3,".344",2013
"367","Atlanta",5490,4243,1247,"330","64","227","39",659,445,67.5,6.9,81,26,17,44,321,3.9,50,11,1,445,4541,10.2,81,26,8,".250",2013
"368","Indianapolis",5468,3725,1743,"318","88","191","39",582,350,60.1,6.8,73,23,10,32,409,4.3,51,15,3,350,3952,11.3,73,23,2,".688",2013
"369","Dallas",5458,3954,1504,"325","80","213","32",586,375,64,7.2,82,33,12,35,336,4.5,45,12,5,375,4226,11.3,82,33,8,".500",2013
"370","Cleveland",5430,4047,1383,"301","77","200","24",681,379,55.7,6.4,95,26,20,49,348,4,45,4,2,379,4372,11.5,95,26,2,".250",2013
"371","Seattle",5424,3236,2188,"307","116","160","31",420,267,63.6,8.4,80,27,9,44,509,4.3,43,14,6,267,3508,13.1,80,27,4,".813",2013
"372","Buffalo",5410,3103,2307,"301","113","149","39",522,299,57.3,6.5,59,16,15,48,546,4.2,77,15,12,299,3373,11.3,59,16,5,".375",2013
"373","Pittsburgh",5400,4017,1383,"312","81","207","24",586,377,64.3,7.3,67,28,14,43,394,3.5,43,9,6,377,4306,11.4,67,28,3,".500",2013
"374","Kansas City",5396,3340,2056,"323","110","179","34",546,333,61,6.5,71,24,8,41,442,4.7,46,17,8,333,3561,10.7,71,24,5,".688",2013
"375","Tennessee",5390,3496,1894,"311","103","172","36",533,328,61.5,7,77,22,16,37,462,4.1,39,16,8,328,3710,11.3,77,22,4,".438",2013
"376","Oakland",5340,3340,2000,"275","90","168","17",519,298,57.4,7,73,17,20,44,437,4.6,93,16,7,298,3629,12.2,73,17,2,".250",2013
"377","San Francisco",5180,2979,2201,"286","115","148","23",417,244,58.5,7.7,64,21,8,39,505,4.4,51,18,7,244,3210,13.2,64,21,3,".750",2013
"378","NY Jets",5090,2932,2158,"280","105","154","21",480,266,55.4,6.8,69,13,22,47,493,4.4,69,12,7,266,3270,12.3,69,13,1,".500",2013
"379","Carolina",5069,3043,2026,"319","122","169","28",473,292,61.7,7.1,79,24,13,43,483,4.2,56,14,3,292,3379,11.6,79,24,3,".750",2013
"380","Miami",5007,3567,1440,"278","61","205","12",594,357,60.1,6.7,67,24,19,58,349,4.1,55,8,5,357,3966,11.1,67,24,0,".500",2013
"381","NY Giants",4920,3588,1332,"280","77","176","27",567,325,57.3,6.8,70,18,29,40,381,3.5,49,11,12,325,3875,11.9,70,18,4,".438",2013
"382","Baltimore",4918,3590,1328,"295","68","189","38",619,363,58.6,6.3,74,19,23,48,423,3.1,47,7,2,363,3914,10.8,74,19,1,".500",2013
"383","Los Angeles",4877,3125,1752,"282","82","165","35",506,301,59.5,6.6,81,22,11,36,426,4.1,65,10,6,301,3360,11.2,81,22,3,".438",2013
"384","Jacksonville",4701,3441,1260,"271","71","176","24",592,349,59,6.3,67,16,21,50,378,3.3,48,7,5,349,3751,10.7,67,16,6,".250",2013
"385","Tampa Bay",4432,2820,1612,"269","75","157","37",514,291,56.6,6.2,85,22,12,47,420,3.8,80,6,6,291,3181,10.9,85,22,1,".250",2013
"386","New Orleans",6582,4764,1818,"395","101","258","36",659,456,69.2,7.5,69,33,17,30,406,4.5,67,16,6,456,4952,10.9,69,33,8,".438",2014
"387","Pittsburgh",6577,4825,1752,"379","98","243","38",612,411,67.2,8.2,94,33,10,33,423,4.1,81,10,7,411,4997,12.2,94,33,5,".688",2014
"388","Indianapolis",6506,4894,1612,"371","80","251","40",661,410,62,7.7,80,42,16,29,415,3.9,49,9,10,410,5062,12.3,80,42,6,".688",2014
"389","Denver",6446,4661,1785,"360","98","227","35",607,399,65.7,7.9,86,40,15,17,443,4,47,15,6,399,4779,12,86,40,4,".750",2014
"390","Philadelphia",6348,4356,1992,"356","109","218","29",621,384,61.8,7.4,72,27,21,32,474,4.2,53,16,10,384,4581,11.9,72,27,5,".625",2014
"391","Green Bay",6178,4261,1917,"356","104","222","30",536,349,65.1,8.3,80,38,6,30,435,4.4,44,14,7,349,4447,12.7,80,38,1,".750",2014
"392","Dallas",6138,3784,2354,"342","106","205","31",476,328,68.9,8.4,68,37,11,30,508,4.6,65,16,9,328,4008,12.2,68,37,4,".750",2014
"393","Atlanta",6051,4553,1498,"330","75","233","22",632,418,66.1,7.5,79,28,15,31,372,4,55,11,4,418,4758,11.4,79,28,7,".375",2014
"394","Seattle",6012,3250,2762,"328","144","160","24",454,287,63.2,7.7,80,20,7,42,525,5.3,79,20,9,287,3492,12.2,80,20,3,".750",2014
"395","NY Giants",5875,4272,1603,"336","83","218","35",607,383,63.1,7.4,80,30,14,30,449,3.6,50,13,1,383,4470,11.7,80,30,6,".375",2014
"396","New England",5848,4121,1727,"361","96","228","37",609,392,64.4,7,69,34,9,26,438,3.9,43,13,1,392,4291,10.9,69,34,4,".750",2014
"397","Baltimore",5838,3819,2019,"345","113","194","38",554,344,62.1,7.2,80,27,12,19,448,4.5,52,16,6,344,3986,11.6,80,27,3,".625",2014
"398","Washington",5738,4047,1691,"318","88","186","44",547,364,66.5,8.2,81,18,18,58,401,4.2,30,15,9,364,4461,12.3,81,18,6,".250",2014
"399","Miami",5601,3729,1872,"361","99","226","36",595,394,66.2,6.8,50,27,12,46,399,4.7,97,12,8,394,4066,10.3,50,27,7,".500",2014
"400","Cincinnati",5568,3421,2147,"313","122","164","27",503,323,64.2,7.1,81,20,17,23,492,4.4,89,19,8,323,3551,11,81,20,7,".656",2014
"401","Carolina",5547,3511,2036,"347","117","199","31",545,327,60,7,51,23,12,42,473,4.3,69,10,9,327,3828,11.7,51,23,3,".469",2014
"402","Houston",5513,3352,2161,"313","108","171","34",485,295,60.8,7.1,76,22,13,26,551,3.9,51,12,6,295,3460,11.7,76,22,6,".563",2014
"403","San Diego",5465,4098,1367,"326","75","214","37",574,380,66.2,7.5,59,31,18,37,398,3.4,52,6,5,380,4296,11.3,59,31,3,".563",2014
"404","Detroit",5452,4030,1422,"310","72","210","28",604,365,60.4,7.1,73,22,12,45,396,3.6,57,11,7,365,4284,11.7,73,22,3,".688",2014
"405","San Francisco",5239,3063,2176,"303","104","165","34",487,292,60,7,80,20,10,52,470,4.6,90,10,10,292,3407,11.7,80,20,2,".500",2014
"406","Chicago",5233,3792,1441,"322","91","194","37",609,396,65,6.6,74,30,19,41,355,4.1,32,8,6,396,4035,10.2,74,30,3,".313",2014
"407","NY Jets",5226,2946,2280,"289","112","154","23",498,287,57.6,6.4,74,16,15,47,507,4.5,71,11,10,287,3206,11.2,74,16,3,".250",2014
"408","Cleveland",5193,3465,1728,"294","88","179","27",502,274,54.6,7.3,81,12,16,31,477,3.6,36,17,7,274,3678,13.4,81,12,0,".438",2014
"409","Arizona",5116,3808,1308,"302","67","191","44",568,320,56.3,7,81,21,12,28,397,3.3,22,6,4,320,3990,12.5,81,21,5,".688",2014
"410","Kansas City",5100,3182,1918,"309","92","184","33",493,320,64.9,7,70,18,6,49,420,4.6,63,18,9,320,3428,10.7,70,18,9,".563",2014
"411","Buffalo",5096,3614,1482,"273","65","186","22",579,363,62.7,6.7,84,23,13,39,402,3.7,53,7,5,363,3856,10.6,84,23,8,".563",2014
"412","Minnesota",5048,3244,1804,"288","90","171","27",517,322,62.3,6.9,87,17,18,51,413,4.4,67,12,3,322,3566,11.1,87,17,3,".438",2014
"413","Los Angeles",5035,3400,1635,"288","79","189","20",515,327,63.5,7.2,63,20,16,47,395,4.1,89,11,7,327,3695,11.3,63,20,1,".375",2014
"414","Tennessee",4859,3412,1447,"258","75","159","24",513,299,58.3,7.3,80,20,16,50,356,4.1,52,6,5,299,3738,12.5,80,20,4,".125",2014
"415","Tampa Bay",4672,3297,1375,"263","72","162","29",531,301,56.7,6.8,56,21,20,52,353,3.9,63,7,5,301,3623,12,56,21,5,".125",2014
"416","Jacksonville",4634,3001,1633,"271","86","154","31",557,325,58.3,6.2,63,15,18,71,360,4.5,62,9,6,325,3451,10.6,63,15,2,".188",2014
"417","Oakland",4515,3275,1240,"248","56","173","19",629,365,58,5.5,77,22,16,28,337,3.7,90,4,10,365,3456,9.5,77,22,7,".188",2014
"418","Arizona",6533,4616,1917,"373","92","237","44",562,353,62.8,8.5,68,35,13,27,452,4.2,63,16,8,353,4775,13.5,68,35,4,".813",2015
"419","New Orleans",6461,4970,1491,"381","98","247","36",667,460,69,7.8,80,32,12,32,397,3.8,70,16,3,460,5205,11.3,80,32,6,".438",2015
"420","Pittsburgh",6327,4603,1724,"331","91","207","33",590,391,66.3,8.2,88,26,21,33,388,4.4,55,16,5,391,4822,12.3,88,26,3,".625",2015
"421","Seattle",6058,3790,2268,"335","128","190","17",489,333,68.1,8.3,80,34,8,46,501,4.5,69,10,7,333,4061,12.2,80,34,3,".625",2015
"422","Tampa Bay",6014,3852,2162,"336","99","201","36",535,312,58.3,7.6,68,22,15,27,455,4.8,84,12,9,312,4042,13,68,22,4,".375",2015
"423","New England",5991,4587,1404,"347","87","229","31",629,404,64.2,7.7,76,36,7,38,383,3.7,38,14,2,404,4812,11.9,76,36,3,".750",2015
"424","Atlanta",5990,4379,1611,"359","95","230","34",621,410,66,7.4,70,21,17,32,420,3.8,46,13,9,410,4602,11.2,70,21,4,".500",2015
"425","NY Giants",5956,4347,1609,"331","77","208","46",623,392,62.9,7.2,87,36,14,27,403,4,39,5,4,392,4504,11.5,87,36,5,".375",2015
"426","San Diego",5949,4591,1358,"344","79","230","35",667,442,66.3,7.3,80,30,13,40,393,3.5,53,4,7,442,4855,11,80,30,7,".250",2015
"427","NY Jets",5925,4057,1868,"329","99","210","20",604,362,59.9,6.9,69,33,16,22,448,4.2,58,11,6,362,4170,11.5,69,33,6,".625",2015
"428","Carolina",5871,3589,2282,"357","136","197","24",501,300,59.9,7.7,74,35,10,33,526,4.3,47,19,8,300,3873,12.9,74,35,3,".938",2015
"429","Philadelphia",5830,4087,1743,"339","110","193","36",623,405,65,7,78,23,18,37,442,3.9,63,15,10,405,4341,10.7,78,23,6,".438",2015
"430","Buffalo",5775,3343,2432,"297","122","155","20",465,295,63.4,7.7,63,23,9,42,509,4.8,60,19,9,295,3600,12.2,63,23,6,".500",2015
"431","Baltimore",5749,4271,1478,"323","89","211","23",676,426,63,6.6,50,21,21,24,383,3.9,44,8,6,426,4449,10.4,50,21,3,".313",2015
"432","Cincinnati",5728,3923,1805,"324","99","191","34",505,334,66.1,8.1,80,31,9,32,467,3.9,38,18,8,334,4104,12.3,80,31,3,".750",2015
"433","Denver",5688,3970,1718,"314","85","201","28",606,368,60.7,7,75,19,23,39,411,4.2,72,13,5,368,4216,11.5,75,19,4,".750",2015
"434","Washington",5661,4095,1566,"317","81","208","28",555,386,69.6,7.7,78,30,11,27,429,3.7,48,9,11,386,4294,11.1,78,30,7,".563",2015
"435","Jacksonville",5581,4108,1473,"313","69","215","29",607,355,58.5,7.3,90,35,18,51,354,4.2,45,5,9,355,4428,12.5,90,35,2,".313",2015
"436","Houston",5564,3833,1731,"335","90","210","35",619,358,57.8,6.6,61,29,12,36,472,3.7,41,7,5,358,4079,11.4,61,29,3,".563",2015
"437","Detroit",5547,4212,1335,"337","71","236","30",632,420,66.5,7.1,57,33,14,44,354,3.8,36,7,7,420,4463,10.6,57,33,3,".438",2015
"438","Chicago",5514,3663,1851,"312","108","177","27",523,334,63.9,7.3,87,21,12,33,469,3.9,27,13,5,334,3843,11.5,87,21,4,".375",2015
"439","Dallas",5361,3471,1890,"307","94","175","38",528,334,63.3,7,67,16,22,33,408,4.6,50,8,7,334,3677,11,67,16,4,".250",2015
"440","Green Bay",5353,3503,1850,"317","100","173","44",573,348,60.7,6.7,65,31,8,47,436,4.2,65,8,8,348,3825,11,65,31,4,".625",2015
"441","Oakland",5336,3879,1457,"300","74","193","33",605,373,61.7,6.8,68,34,14,33,370,3.9,54,7,6,373,4129,11.1,68,34,5,".438",2015
"442","Cleveland",5311,3782,1529,"307","81","192","34",609,371,60.9,6.8,61,20,12,53,380,4,54,5,5,371,4156,11.2,61,20,6,".188",2015
"443","Miami",5307,3811,1496,"291","72","194","25",588,365,62.1,7.2,54,24,12,45,344,4.3,85,11,4,365,4231,11.6,54,24,2,".375",2015
"444","Kansas City",5299,3255,2044,"303","116","155","32",473,310,65.5,7.4,80,20,7,46,436,4.7,52,19,5,310,3493,11.3,80,20,5,".688",2015
"445","Indianapolis",5142,3704,1438,"311","77","195","39",619,355,57.4,6.3,87,26,19,37,396,3.6,37,6,6,355,3928,11.1,87,26,2,".500",2015
"446","Minnesota",5139,2928,2211,"297","113","153","31",454,294,64.8,7.2,52,14,9,45,474,4.7,80,18,9,294,3246,11,52,14,4,".688",2015
"447","Tennessee",4988,3503,1485,"298","66","195","37",551,342,62.1,7.1,61,25,17,54,371,4,87,10,9,342,3893,11.4,61,25,2,".188",2015
"448","San Francisco",4860,3316,1544,"261","83","154","24",526,322,61.2,6.9,76,16,12,53,390,4,47,7,8,322,3646,11.3,76,16,4,".313",2015
"449","Los Angeles",4761,2805,1956,"241","92","126","23",473,273,57.7,6.2,68,11,11,18,429,4.6,71,16,12,273,2931,10.7,68,11,3,".438",2015
